# Reglas de OWASP ZAP para el escaneo BASELINE (pasivo). Formato: <id de regla>TAB<IGNORE|INFO|WARN|FAIL>TAB(<nombre, informativo>).
# Lo que no figura acá queda en WARN (se ve en el informe, no bloquea). FAIL bloquea el job `zap` de .github/workflows/seguridad.yml.
# Criterio: FAIL solo para lo que el repositorio YA cumple (cabeceras de src/core/seguridad/cabeceras.ts, cookies de Auth.js): un FAIL nuevo es una regresión.
# Los IDs son los de https://www.zaproxy.org/docs/alerts/ ; revisar contra el informe de la primera corrida real y ajustar (ver docs/seguridad-pipeline.md, falsos positivos).
10020	FAIL	(Anti-clickjacking Header ausente: X-Frame-Options / frame-ancestors)
10021	FAIL	(X-Content-Type-Options ausente)
10038	FAIL	(Content Security Policy ausente)
10035	FAIL	(Strict-Transport-Security ausente)
10037	FAIL	(El servidor anuncia el framework con X-Powered-By)
10010	FAIL	(Cookie sin HttpOnly)
10054	FAIL	(Cookie sin SameSite)
10098	FAIL	(Configuración CORS entre dominios demasiado abierta)
10011	WARN	(Cookie sin Secure: por http en localhost Auth.js no la marca; en produccion va con https)
10055	WARN	(CSP con directivas permisivas: la carta publica necesita unsafe-inline y img-src https:, ver cabeceras.ts)
10049	IGNORE	(Contenido almacenable en cache: la carta publica es ISR a proposito)
10096	IGNORE	(Marca de tiempo en la respuesta: ruido del payload de Next)
10027	IGNORE	(Comentarios sospechosos: ruido de los bundles minificados)
10109	INFO	(Aplicacion web moderna)
