# Reglas de OWASP ZAP para el escaneo COMPLETO (activo, solo a mano: workflow_dispatch). Mismo formato que reglas-baseline.tsv. Ataca SOLO la app local del runner con su base descartable.
# Lo que no figura acá queda en WARN. FAIL bloquea el job.
# Criterio: FAIL solo para lo que el repositorio YA cumple (cabeceras de src/core/seguridad/cabeceras.ts, cookies de Auth.js): un FAIL nuevo es una regresión.
# Los IDs son los de https://www.zaproxy.org/docs/alerts/ ; revisar contra el informe de la primera corrida real y ajustar (ver docs/seguridad-pipeline.md, falsos positivos).
10020	FAIL	(Anti-clickjacking Header ausente: X-Frame-Options / frame-ancestors)
10021	FAIL	(X-Content-Type-Options ausente)
10038	FAIL	(Content Security Policy ausente)
10035	FAIL	(Strict-Transport-Security ausente)
10037	FAIL	(El servidor anuncia el framework con X-Powered-By)
10010	FAIL	(Cookie sin HttpOnly)
10054	FAIL	(Cookie sin SameSite)
10098	FAIL	(Configuración CORS entre dominios demasiado abierta)
10011	WARN	(Cookie sin Secure: por http en localhost Auth.js no la marca; en produccion va con https)
10055	WARN	(CSP con directivas permisivas: la carta publica necesita unsafe-inline y img-src https:, ver cabeceras.ts)
10049	IGNORE	(Contenido almacenable en cache: la carta publica es ISR a proposito)
10096	IGNORE	(Marca de tiempo en la respuesta: ruido del payload de Next)
10027	IGNORE	(Comentarios sospechosos: ruido de los bundles minificados)
10109	INFO	(Aplicacion web moderna)
40012	FAIL	(XSS reflejado)
40014	FAIL	(XSS persistente)
40016	FAIL	(XSS persistente: prime)
40017	FAIL	(XSS persistente: spider)
40018	FAIL	(SQL Injection)
40019	FAIL	(SQL Injection MySQL)
40020	FAIL	(SQL Injection Hypersonic)
40021	FAIL	(SQL Injection Oracle)
40022	FAIL	(SQL Injection PostgreSQL)
40024	FAIL	(SQL Injection SQLite)
6	FAIL	(Path Traversal)
7	FAIL	(Remote File Inclusion)
90019	FAIL	(Inyeccion de codigo del lado del servidor)
90020	FAIL	(Inyeccion de comandos del sistema)
90021	FAIL	(Inyeccion XPath)
90023	FAIL	(Inyeccion XML externa XXE)
40003	FAIL	(Inyeccion CRLF)
30001	FAIL	(Buffer Overflow)
30002	FAIL	(Format String)
